{"filter": 500, "nlp_normalization_method": "stemmer", "best_score": 0.5582841191170128, "params": {"num_topics": 7, "chunksize": 140, "passes": 8, "alpha": 0.9500000000000001, "eta": 0.5800000000000001, "decay": 0.5}}