{
    "filter": 500,
    "nlp_normalization_method": "stemmer",
    "best_score": 0.6933545759778161,
    "params": {
      "num_topics": 7,
      "chunksize": 100,
      "passes": 10,
      "alpha": 0.060000000000000005,
      "eta": 0.89,
      "decay": 0.5
    }
  }
  